{
                                   "\u041d\u0410\u041a\u0421": 66197.22010912048,
                                   "\u0421\u0432\u0430\u0440\u043a\u0430 \u0432 \u0441\u0440\u0435\u0434\u0435 \u0430\u0440\u0433\u043e\u043d\u0430 (\u0420\u0410\u0414)\u200b": 53708.204759589666,
                                   "\u041f\u0430\u0439\u043a\u0430": 50344.27607770751,
                                   "\u041e\u0431\u0443\u0447\u0435\u043d\u0438\u0435/\u043f\u0440\u043e\u0444\u043f\u043e\u0434\u0433\u043e\u0442\u043e\u0432\u043a\u0430 \u0432 \u043a\u043e\u043c\u043f\u0430\u043d\u0438\u0438": 49353.73076355867,
                                   "\u041f\u0440\u043e\u0441\u0442\u044b\u0435 \u0438 \u0441\u0440\u0435\u0434\u043d\u0435\u0439 \u0441\u043b\u043e\u0436\u043d\u043e\u0441\u0442\u0438 \u0438\u043d\u0441\u0442\u0440\u0443\u043c\u0435\u043d\u0442\u044b (\u0438\u0437\u0433\u043e\u0442\u043e\u0432\u043b\u0435\u043d\u0438\u0435, \u0440\u0435\u0433\u0443\u043b\u0438\u0440\u043e\u0432\u043a\u0430 \u0438 \u0440\u0435\u043c\u043e\u043d\u0442)": 48831.41686081491,
                                   "\u0411\u0435\u043d\u0437\u043e- \u0438 \u043a\u0435\u0440\u043e\u0441\u0438\u043d\u043e- \u0440\u0435\u0437\u0430\u043d\u0438\u0435": 44510.95086872673,
                                   "\u041a\u043e\u043d\u0442\u0440\u043e\u043b\u044c  \u0441\u0432\u0430\u0440\u043a\u0438/\u0440\u0435\u0437\u043a\u0438, \u0438\u0437\u043c\u0435\u0440\u0435\u043d\u0438\u0435": 43512.30274128625,
                                   "\u0414\u0435\u0439\u0441\u0442\u0432\u0438\u044f \u043f\u0435\u0440\u0435\u0434/\u043f\u043e\u0441\u043b\u0435 \u0441\u0432\u0430\u0440\u043a\u0438, \u0440\u0435\u0437\u043a\u0438": 40722.073607411476,
                                   "\u0420\u0435\u0437\u043a\u0430": 39078.2339413449,
                                   "\u0418\u0437\u0433\u043e\u0442\u043e\u0432\u043b\u0435\u043d\u0438\u0435, \u0440\u0435\u0433\u0443\u043b\u0438\u0440\u043e\u0432\u043a\u0430 \u0438 \u0440\u0435\u0433\u0443\u043b\u0438\u0440\u043e\u0432\u043a\u0430 (\u043f\u0440\u043e\u0441\u0442\u044b\u0435 \u0443\u0437\u043b\u044b \u0438 \u0441\u0440\u0435\u0434\u043d\u0435\u0439 \u0441\u043b\u043e\u0436\u043d\u043e\u0441\u0442\u0438 \u043c\u0435\u0445\u0430\u043d\u0438\u0437\u043c\u044b)": 37864.30238139199,
                                   "\u041a\u043e\u043d\u0442\u0430\u043a\u0442\u043d\u0430\u044f \u0441\u0432\u0430\u0440\u043a\u0430": 36722.87079495946,
                                   "\u041d\u0430\u0441\u0442\u0440\u043e\u0439\u043a\u0430 \u0441\u0432\u0430\u0440\u043e\u0447\u043d\u043e\u0433\u043e \u043e\u0431\u043e\u0440\u0443\u0434\u043e\u0432\u0430\u043d\u0438\u044f": 36316.08133527768,
                                   "\u0414\u0443\u0433\u043e\u0432\u0430\u044f \u0440\u0435\u0437\u043a\u0430": 34030.44757465652,
                                   "\u0421\u0442\u0440\u043e\u0433\u0430\u043d\u0438\u0435": 33878.24784971786,
                                   "\u041e\u0431\u044f\u0437\u0430\u0442\u0435\u043b\u044c\u043d\u0430\u044f \u0441\u0435\u0440\u0442\u0438\u0444\u0438\u043a\u0430\u0446\u0438\u044f": 33580.2251068189,
                                   "\u0421\u0442\u0440\u043e\u0436\u043a\u0430": 31994.31756087466,
                                   "\u0413\u0430\u0437\u043e\u0432\u0430\u044f \u0440\u0435\u0437\u043a\u0430": 31483.02559621336,
                                   "\u041f\u043b\u0430\u0437\u043c\u0435\u043d\u043d\u0430\u044f \u0440\u0435\u0437\u043a\u0430": 31447.82818960782,
                                   "\u0413\u0430\u0437\u043e\u0432\u0430\u044f \u0441\u0432\u0430\u0440\u043a\u0430": 31367.772384545497,
                                   "\u0417\u043d\u0430\u043d\u0438\u0435 \u0442\u0435\u0445\u043d\u0438\u043a, \u0442\u0435\u0445\u043d\u043e\u043b\u043e\u0433\u0438\u0438 \u0441\u0432\u0430\u0440\u043a\u0438, \u043d\u0430\u043f\u043b\u0430\u0432\u043a\u0438": 30811.408101930465,
                                   "\u0417\u043d\u0430\u043d\u0438\u0435 \u043f\u0440\u0430\u0432\u0438\u043b \u0431\u0435\u0437\u043e\u043f\u0430\u0441\u043d\u043e\u0441\u0442\u0438": 28894.840485876914,
                                   "\u041e\u0431\u0441\u043b\u0443\u0436\u0438\u0432\u0430\u043d\u0438\u0435 \u0438 \u0440\u0435\u043c\u043e\u043d\u0442 \u0441\u0432\u0430\u0440\u043e\u0447\u043d\u043e\u0433\u043e \u043e\u0431\u043e\u0440\u0443\u0434\u043e\u0432\u0430\u043d\u0438\u044f": 28787.87067071291,
                                   "\u0421\u0431\u043e\u0440\u043a\u0430 \u0438 \u043c\u043e\u043d\u0442\u0430\u0436": 28442.470854085223,
                                   "\u0417\u043d\u0430\u043d\u0438\u0435  \u0443\u0441\u0442\u0440\u043e\u0439\u0441\u0442\u0432 \u0438 \u043f\u0440\u0430\u0432\u0438\u043b \u044d\u043a\u0441\u043f\u043b\u0443\u0430\u0442\u0430\u0446\u0438\u0438 \u0441\u0432\u0430\u0440\u043e\u0447\u043d\u044b\u0445 \u0430\u043f\u043f\u0430\u0440\u0430\u0442\u043e\u0432, \u043c\u0430\u0448\u0438\u043d": 28139.10083235488,
                                   "\u041c\u0435\u0445\u0430\u043d\u0438\u0437\u0438\u0440\u043e\u0432\u0430\u043d\u043d\u0430\u044f \u0441\u0432\u0430\u0440\u043a\u0430": 26426.99853012106,
                                   "\u0421\u043e\u0431\u043b\u044e\u0434\u0435\u043d\u0438\u0435 \u043e\u0445\u0440\u0430\u043d\u044b \u0442\u0440\u0443\u0434\u0430, \u0442\u0435\u0445\u043d\u0438\u043a\u0438 \u0431\u0435\u0437\u043e\u043f\u0430\u0441\u043d\u043e\u0441\u0442\u0438 \u0438 \u043f\u043e\u0436\u0430\u0440\u043d\u043e\u0439 \u0431\u0435\u0437\u043e\u043f\u0430\u0441\u043d\u043e\u0441\u0442\u0438": 26330.12107490653,
                                   "\u041d\u0430\u043f\u043b\u0430\u0432\u043a\u0430": 24696.105821990037,
                                   "\u0427\u0442\u0435\u043d\u0438\u0435 \u0447\u0435\u0440\u0442\u0435\u0436\u0435\u0439, \u0434\u043e\u043a\u0443\u043c\u0435\u043d\u0442\u0430\u0446\u0438\u0438": 22240.700400647365,
                                   "\u0421\u0432\u0430\u0440\u043a\u0430 \u0432 \u0441\u0440\u0435\u0434\u0435 \u0437\u0430\u0449\u0438\u0442\u043d\u043e\u0433\u043e \u0433\u0430\u0437\u0430": 18300.908661861533,
                                   "\u0410\u0432\u0442\u043e\u043c\u0430\u0442\u0438\u0447\u0435\u0441\u043a\u0430\u044f \u0441\u0432\u0430\u0440\u043a\u0430": 16137.608396110045,
                                   "\u041f\u043b\u0430\u0437\u043c\u0435\u043d\u043d\u0430\u044f \u0441\u0432\u0430\u0440\u043a\u0430": 14811.07425505721,
                                   "\u0417\u043d\u0430\u043d\u0438\u044f \u043f\u0440\u0435\u0434\u043c\u0435\u0442\u043d\u044b\u0445 \u043e\u0431\u043b\u0430\u0441\u0442\u0435\u0439 \u0434\u043b\u044f \u0441\u0432\u0430\u0440\u0449\u0438\u043a\u0430": 14228.729739976996,
                                   "\u0422\u0440\u0435\u0431\u043e\u0432\u0430\u043d\u0438\u044f \u043a \u043e\u0431\u0440\u0430\u0437\u043e\u0432\u0430\u043d\u0438\u044e": 12771.711278793256,
                                   "\u0420\u0443\u0447\u043d\u0430\u044f \u0440\u0435\u0437\u043a\u0430": 11460.02994775914,
                                   "\u0417\u043d\u0430\u043d\u0438\u0435 \u0434\u043e\u043a\u0443\u043c\u0435\u043d\u0442\u0430\u0446\u0438\u0438, \u043f\u0440\u043e\u0435\u043a\u0442\u043e\u0432, \u0447\u0435\u0440\u0442\u0435\u0436\u0435\u0439, \u0441\u0445\u0435\u043c": 7757.285282116769
}