{
                                   "\u041e\u0431\u044f\u0437\u0430\u0442\u0435\u043b\u044c\u043d\u0430\u044f \u0441\u0435\u0440\u0442\u0438\u0444\u0438\u043a\u0430\u0446\u0438\u044f": 61879.52266428932,
                                   "\u041d\u0410\u041a\u0421": 41416.27799124219,
                                   "\u0414\u0435\u0439\u0441\u0442\u0432\u0438\u044f \u043f\u0435\u0440\u0435\u0434/\u043f\u043e\u0441\u043b\u0435 \u0441\u0432\u0430\u0440\u043a\u0438, \u0440\u0435\u0437\u043a\u0438": 18182.241687898342,
                                   "\u0417\u043d\u0430\u043d\u0438\u0435 \u0442\u0435\u0445\u043d\u0438\u043a, \u0442\u0435\u0445\u043d\u043e\u043b\u043e\u0433\u0438\u0438 \u0441\u0432\u0430\u0440\u043a\u0438, \u043d\u0430\u043f\u043b\u0430\u0432\u043a\u0438": 16563.781449505208,
                                   "\u0421\u0432\u0430\u0440\u043a\u0430 \u0432 \u0441\u0440\u0435\u0434\u0435 \u0437\u0430\u0449\u0438\u0442\u043d\u043e\u0433\u043e \u0433\u0430\u0437\u0430": 14228.711017042086,
                                   "\u041d\u0430\u043f\u043b\u0430\u0432\u043a\u0430": 12025.176140231684,
                                   "\u041f\u0440\u043e\u0441\u0442\u044b\u0435 \u0438 \u0441\u0440\u0435\u0434\u043d\u0435\u0439 \u0441\u043b\u043e\u0436\u043d\u043e\u0441\u0442\u0438 \u0438\u043d\u0441\u0442\u0440\u0443\u043c\u0435\u043d\u0442\u044b (\u0438\u0437\u0433\u043e\u0442\u043e\u0432\u043b\u0435\u043d\u0438\u0435, \u0440\u0435\u0433\u0443\u043b\u0438\u0440\u043e\u0432\u043a\u0430 \u0438 \u0440\u0435\u043c\u043e\u043d\u0442)": 10714.855377783082,
                                   "\u0417\u043d\u0430\u043d\u0438\u0435 \u043f\u0440\u0430\u0432\u0438\u043b \u0431\u0435\u0437\u043e\u043f\u0430\u0441\u043d\u043e\u0441\u0442\u0438": 10148.170918639007,
                                   "\u0420\u0443\u0447\u043d\u0430\u044f \u0440\u0435\u0437\u043a\u0430": 9957.02799338095,
                                   "\u041d\u0430\u0441\u0442\u0440\u043e\u0439\u043a\u0430 \u0441\u0432\u0430\u0440\u043e\u0447\u043d\u043e\u0433\u043e \u043e\u0431\u043e\u0440\u0443\u0434\u043e\u0432\u0430\u043d\u0438\u044f": 8965.469457135689,
                                   "\u0414\u0443\u0433\u043e\u0432\u0430\u044f \u0440\u0435\u0437\u043a\u0430": 8782.096760659995,
                                   "\u041f\u0430\u0439\u043a\u0430": 8477.516790382295,
                                   "\u0420\u0435\u0437\u043a\u0430": 7880.871885441084,
                                   "\u041e\u0431\u0443\u0447\u0435\u043d\u0438\u0435/\u043f\u0440\u043e\u0444\u043f\u043e\u0434\u0433\u043e\u0442\u043e\u0432\u043a\u0430 \u0432 \u043a\u043e\u043c\u043f\u0430\u043d\u0438\u0438": 7243.209488955479,
                                   "\u0422\u0440\u0435\u0431\u043e\u0432\u0430\u043d\u0438\u044f \u043a \u043e\u0431\u0440\u0430\u0437\u043e\u0432\u0430\u043d\u0438\u044e": 7157.519523740077,
                                   "\u0417\u043d\u0430\u043d\u0438\u0435  \u0443\u0441\u0442\u0440\u043e\u0439\u0441\u0442\u0432 \u0438 \u043f\u0440\u0430\u0432\u0438\u043b \u044d\u043a\u0441\u043f\u043b\u0443\u0430\u0442\u0430\u0446\u0438\u0438 \u0441\u0432\u0430\u0440\u043e\u0447\u043d\u044b\u0445 \u0430\u043f\u043f\u0430\u0440\u0430\u0442\u043e\u0432, \u043c\u0430\u0448\u0438\u043d": 6261.906069086755,
                                   "\u041a\u043e\u043d\u0442\u0440\u043e\u043b\u044c  \u0441\u0432\u0430\u0440\u043a\u0438/\u0440\u0435\u0437\u043a\u0438, \u0438\u0437\u043c\u0435\u0440\u0435\u043d\u0438\u0435": 5887.872550906366,
                                   "\u041f\u043b\u0430\u0437\u043c\u0435\u043d\u043d\u0430\u044f \u0441\u0432\u0430\u0440\u043a\u0430": 5500.008119297403,
                                   "\u0421\u0432\u0430\u0440\u043a\u0430 \u0432 \u0441\u0440\u0435\u0434\u0435 \u0430\u0440\u0433\u043e\u043d\u0430 (\u0420\u0410\u0414)\u200b": 5443.7433642444375,
                                   "\u0417\u043d\u0430\u043d\u0438\u0435 \u0434\u043e\u043a\u0443\u043c\u0435\u043d\u0442\u0430\u0446\u0438\u0438, \u043f\u0440\u043e\u0435\u043a\u0442\u043e\u0432, \u0447\u0435\u0440\u0442\u0435\u0436\u0435\u0439, \u0441\u0445\u0435\u043c": 5372.860752544271,
                                   "\u041f\u043b\u0430\u0437\u043c\u0435\u043d\u043d\u0430\u044f \u0440\u0435\u0437\u043a\u0430": 4704.909667210559,
                                   "\u0421\u043e\u0431\u043b\u044e\u0434\u0435\u043d\u0438\u0435 \u043e\u0445\u0440\u0430\u043d\u044b \u0442\u0440\u0443\u0434\u0430, \u0442\u0435\u0445\u043d\u0438\u043a\u0438 \u0431\u0435\u0437\u043e\u043f\u0430\u0441\u043d\u043e\u0441\u0442\u0438 \u0438 \u043f\u043e\u0436\u0430\u0440\u043d\u043e\u0439 \u0431\u0435\u0437\u043e\u043f\u0430\u0441\u043d\u043e\u0441\u0442\u0438": 4651.359470491385,
                                   "\u0421\u0431\u043e\u0440\u043a\u0430 \u0438 \u043c\u043e\u043d\u0442\u0430\u0436": 4228.466250555801,
                                   "\u0413\u0430\u0437\u043e\u0432\u0430\u044f \u0441\u0432\u0430\u0440\u043a\u0430": 4211.7540010886005,
                                   "\u0421\u0442\u0440\u043e\u0436\u043a\u0430": 3771.240963833632,
                                   "\u0427\u0442\u0435\u043d\u0438\u0435 \u0447\u0435\u0440\u0442\u0435\u0436\u0435\u0439, \u0434\u043e\u043a\u0443\u043c\u0435\u043d\u0442\u0430\u0446\u0438\u0438": 2251.6789108038574,
                                   "\u0413\u0430\u0437\u043e\u0432\u0430\u044f \u0440\u0435\u0437\u043a\u0430": 2138.034031840376,
                                   "\u041a\u043e\u043d\u0442\u0430\u043a\u0442\u043d\u0430\u044f \u0441\u0432\u0430\u0440\u043a\u0430": 2055.054133923899,
                                   "\u0411\u0435\u043d\u0437\u043e- \u0438 \u043a\u0435\u0440\u043e\u0441\u0438\u043d\u043e- \u0440\u0435\u0437\u0430\u043d\u0438\u0435": 1836.193570008756,
                                   "\u041c\u0435\u0445\u0430\u043d\u0438\u0437\u0438\u0440\u043e\u0432\u0430\u043d\u043d\u0430\u044f \u0441\u0432\u0430\u0440\u043a\u0430": 1734.6510999002421,
                                   "\u041e\u0431\u0441\u043b\u0443\u0436\u0438\u0432\u0430\u043d\u0438\u0435 \u0438 \u0440\u0435\u043c\u043e\u043d\u0442 \u0441\u0432\u0430\u0440\u043e\u0447\u043d\u043e\u0433\u043e \u043e\u0431\u043e\u0440\u0443\u0434\u043e\u0432\u0430\u043d\u0438\u044f": 1672.041612330664,
                                   "\u0421\u0442\u0440\u043e\u0433\u0430\u043d\u0438\u0435": 1289.3186416342724,
                                   "\u0410\u0432\u0442\u043e\u043c\u0430\u0442\u0438\u0447\u0435\u0441\u043a\u0430\u044f \u0441\u0432\u0430\u0440\u043a\u0430": 766.153670413667,
                                   "\u0417\u043d\u0430\u043d\u0438\u044f \u043f\u0440\u0435\u0434\u043c\u0435\u0442\u043d\u044b\u0445 \u043e\u0431\u043b\u0430\u0441\u0442\u0435\u0439 \u0434\u043b\u044f \u0441\u0432\u0430\u0440\u0449\u0438\u043a\u0430": 719.0335261643995,
                                   "\u0418\u0437\u0433\u043e\u0442\u043e\u0432\u043b\u0435\u043d\u0438\u0435, \u0440\u0435\u0433\u0443\u043b\u0438\u0440\u043e\u0432\u043a\u0430 \u0438 \u0440\u0435\u0433\u0443\u043b\u0438\u0440\u043e\u0432\u043a\u0430 (\u043f\u0440\u043e\u0441\u0442\u044b\u0435 \u0443\u0437\u043b\u044b \u0438 \u0441\u0440\u0435\u0434\u043d\u0435\u0439 \u0441\u043b\u043e\u0436\u043d\u043e\u0441\u0442\u0438 \u043c\u0435\u0445\u0430\u043d\u0438\u0437\u043c\u044b)": 324.981303644272
}