{
                                   "\u041e\u0431\u044f\u0437\u0430\u0442\u0435\u043b\u044c\u043d\u0430\u044f \u0441\u0435\u0440\u0442\u0438\u0444\u0438\u043a\u0430\u0446\u0438\u044f": 51724.49537260591,
                                   "\u041d\u0410\u041a\u0421": 35695.47956903524,
                                   "\u041d\u0430\u0441\u0442\u0440\u043e\u0439\u043a\u0430 \u0441\u0432\u0430\u0440\u043e\u0447\u043d\u043e\u0433\u043e \u043e\u0431\u043e\u0440\u0443\u0434\u043e\u0432\u0430\u043d\u0438\u044f": 15932.98205339646,
                                   "\u0422\u0440\u0435\u0431\u043e\u0432\u0430\u043d\u0438\u044f \u043a \u043e\u0431\u0440\u0430\u0437\u043e\u0432\u0430\u043d\u0438\u044e": 15141.818067679553,
                                   "\u0420\u0443\u0447\u043d\u0430\u044f \u0440\u0435\u0437\u043a\u0430": 12617.46553856819,
                                   "\u0421\u043e\u0431\u043b\u044e\u0434\u0435\u043d\u0438\u0435 \u043e\u0445\u0440\u0430\u043d\u044b \u0442\u0440\u0443\u0434\u0430, \u0442\u0435\u0445\u043d\u0438\u043a\u0438 \u0431\u0435\u0437\u043e\u043f\u0430\u0441\u043d\u043e\u0441\u0442\u0438 \u0438 \u043f\u043e\u0436\u0430\u0440\u043d\u043e\u0439 \u0431\u0435\u0437\u043e\u043f\u0430\u0441\u043d\u043e\u0441\u0442\u0438": 11545.45641466487,
                                   "\u0417\u043d\u0430\u043d\u0438\u044f \u043f\u0440\u0435\u0434\u043c\u0435\u0442\u043d\u044b\u0445 \u043e\u0431\u043b\u0430\u0441\u0442\u0435\u0439 \u0434\u043b\u044f \u0441\u0432\u0430\u0440\u0449\u0438\u043a\u0430": 11423.206428694844,
                                   "\u041f\u0430\u0439\u043a\u0430": 10802.317723076056,
                                   "\u0413\u0430\u0437\u043e\u0432\u0430\u044f \u0441\u0432\u0430\u0440\u043a\u0430": 10385.567964854032,
                                   "\u0417\u043d\u0430\u043d\u0438\u0435 \u043f\u0440\u0430\u0432\u0438\u043b \u0431\u0435\u0437\u043e\u043f\u0430\u0441\u043d\u043e\u0441\u0442\u0438": 9261.509249534494,
                                   "\u0417\u043d\u0430\u043d\u0438\u0435  \u0443\u0441\u0442\u0440\u043e\u0439\u0441\u0442\u0432 \u0438 \u043f\u0440\u0430\u0432\u0438\u043b \u044d\u043a\u0441\u043f\u043b\u0443\u0430\u0442\u0430\u0446\u0438\u0438 \u0441\u0432\u0430\u0440\u043e\u0447\u043d\u044b\u0445 \u0430\u043f\u043f\u0430\u0440\u0430\u0442\u043e\u0432, \u043c\u0430\u0448\u0438\u043d": 9160.292017619307,
                                   "\u041a\u043e\u043d\u0442\u0440\u043e\u043b\u044c  \u0441\u0432\u0430\u0440\u043a\u0438/\u0440\u0435\u0437\u043a\u0438, \u0438\u0437\u043c\u0435\u0440\u0435\u043d\u0438\u0435": 7335.073240953207,
                                   "\u041f\u0440\u043e\u0441\u0442\u044b\u0435 \u0438 \u0441\u0440\u0435\u0434\u043d\u0435\u0439 \u0441\u043b\u043e\u0436\u043d\u043e\u0441\u0442\u0438 \u0438\u043d\u0441\u0442\u0440\u0443\u043c\u0435\u043d\u0442\u044b (\u0438\u0437\u0433\u043e\u0442\u043e\u0432\u043b\u0435\u043d\u0438\u0435, \u0440\u0435\u0433\u0443\u043b\u0438\u0440\u043e\u0432\u043a\u0430 \u0438 \u0440\u0435\u043c\u043e\u043d\u0442)": 7275.15369157512,
                                   "\u0418\u0437\u0433\u043e\u0442\u043e\u0432\u043b\u0435\u043d\u0438\u0435, \u0440\u0435\u0433\u0443\u043b\u0438\u0440\u043e\u0432\u043a\u0430 \u0438 \u0440\u0435\u0433\u0443\u043b\u0438\u0440\u043e\u0432\u043a\u0430 (\u043f\u0440\u043e\u0441\u0442\u044b\u0435 \u0443\u0437\u043b\u044b \u0438 \u0441\u0440\u0435\u0434\u043d\u0435\u0439 \u0441\u043b\u043e\u0436\u043d\u043e\u0441\u0442\u0438 \u043c\u0435\u0445\u0430\u043d\u0438\u0437\u043c\u044b)": 6742.673154971177,
                                   "\u0414\u0435\u0439\u0441\u0442\u0432\u0438\u044f \u043f\u0435\u0440\u0435\u0434/\u043f\u043e\u0441\u043b\u0435 \u0441\u0432\u0430\u0440\u043a\u0438, \u0440\u0435\u0437\u043a\u0438": 6486.523800367002,
                                   "\u041f\u043b\u0430\u0437\u043c\u0435\u043d\u043d\u0430\u044f \u0441\u0432\u0430\u0440\u043a\u0430": 6109.906965637754,
                                   "\u041f\u043b\u0430\u0437\u043c\u0435\u043d\u043d\u0430\u044f \u0440\u0435\u0437\u043a\u0430": 5535.661734356363,
                                   "\u0421\u0432\u0430\u0440\u043a\u0430 \u0432 \u0441\u0440\u0435\u0434\u0435 \u0437\u0430\u0449\u0438\u0442\u043d\u043e\u0433\u043e \u0433\u0430\u0437\u0430": 5334.116155632182,
                                   "\u041e\u0431\u0441\u043b\u0443\u0436\u0438\u0432\u0430\u043d\u0438\u0435 \u0438 \u0440\u0435\u043c\u043e\u043d\u0442 \u0441\u0432\u0430\u0440\u043e\u0447\u043d\u043e\u0433\u043e \u043e\u0431\u043e\u0440\u0443\u0434\u043e\u0432\u0430\u043d\u0438\u044f": 5079.324723283586,
                                   "\u0410\u0432\u0442\u043e\u043c\u0430\u0442\u0438\u0447\u0435\u0441\u043a\u0430\u044f \u0441\u0432\u0430\u0440\u043a\u0430": 4830.057965809865,
                                   "\u0421\u0442\u0440\u043e\u0436\u043a\u0430": 4628.252682117272,
                                   "\u0414\u0443\u0433\u043e\u0432\u0430\u044f \u0440\u0435\u0437\u043a\u0430": 4505.651637764284,
                                   "\u041a\u043e\u043d\u0442\u0430\u043a\u0442\u043d\u0430\u044f \u0441\u0432\u0430\u0440\u043a\u0430": 4449.50806189172,
                                   "\u0420\u0435\u0437\u043a\u0430": 3933.3509250484494,
                                   "\u041e\u0431\u0443\u0447\u0435\u043d\u0438\u0435/\u043f\u0440\u043e\u0444\u043f\u043e\u0434\u0433\u043e\u0442\u043e\u0432\u043a\u0430 \u0432 \u043a\u043e\u043c\u043f\u0430\u043d\u0438\u0438": 3775.6788497724847,
                                   "\u0413\u0430\u0437\u043e\u0432\u0430\u044f \u0440\u0435\u0437\u043a\u0430": 3719.07191289022,
                                   "\u0411\u0435\u043d\u0437\u043e- \u0438 \u043a\u0435\u0440\u043e\u0441\u0438\u043d\u043e- \u0440\u0435\u0437\u0430\u043d\u0438\u0435": 3006.5169275248263,
                                   "\u041d\u0430\u043f\u043b\u0430\u0432\u043a\u0430": 2593.1577509302297,
                                   "\u0421\u0432\u0430\u0440\u043a\u0430 \u0432 \u0441\u0440\u0435\u0434\u0435 \u0430\u0440\u0433\u043e\u043d\u0430 (\u0420\u0410\u0414)\u200b": 1954.1311307809738,
                                   "\u0421\u0431\u043e\u0440\u043a\u0430 \u0438 \u043c\u043e\u043d\u0442\u0430\u0436": 1495.2927067905257,
                                   "\u041c\u0435\u0445\u0430\u043d\u0438\u0437\u0438\u0440\u043e\u0432\u0430\u043d\u043d\u0430\u044f \u0441\u0432\u0430\u0440\u043a\u0430": 1303.8225488520766,
                                   "\u0427\u0442\u0435\u043d\u0438\u0435 \u0447\u0435\u0440\u0442\u0435\u0436\u0435\u0439, \u0434\u043e\u043a\u0443\u043c\u0435\u043d\u0442\u0430\u0446\u0438\u0438": 1153.9116996543235,
                                   "\u0417\u043d\u0430\u043d\u0438\u0435 \u0442\u0435\u0445\u043d\u0438\u043a, \u0442\u0435\u0445\u043d\u043e\u043b\u043e\u0433\u0438\u0438 \u0441\u0432\u0430\u0440\u043a\u0438, \u043d\u0430\u043f\u043b\u0430\u0432\u043a\u0438": 960.8738480524844,
                                   "\u0421\u0442\u0440\u043e\u0433\u0430\u043d\u0438\u0435": 474.90531815141003,
                                   "\u0417\u043d\u0430\u043d\u0438\u0435 \u0434\u043e\u043a\u0443\u043c\u0435\u043d\u0442\u0430\u0446\u0438\u0438, \u043f\u0440\u043e\u0435\u043a\u0442\u043e\u0432, \u0447\u0435\u0440\u0442\u0435\u0436\u0435\u0439, \u0441\u0445\u0435\u043c": 197.524331482884
}