{
                                   "\u041d\u0410\u041a\u0421": 68303.63785179218,
                                   "\u0421\u0431\u043e\u0440\u043a\u0430 \u0438 \u043c\u043e\u043d\u0442\u0430\u0436": 36319.53863074307,
                                   "\u041a\u043e\u043d\u0442\u0440\u043e\u043b\u044c  \u0441\u0432\u0430\u0440\u043a\u0438/\u0440\u0435\u0437\u043a\u0438, \u0438\u0437\u043c\u0435\u0440\u0435\u043d\u0438\u0435": 32253.81365585079,
                                   "\u0410\u0432\u0442\u043e\u043c\u0430\u0442\u0438\u0447\u0435\u0441\u043a\u0430\u044f \u0441\u0432\u0430\u0440\u043a\u0430": 31509.55115892717,
                                   "\u0411\u0435\u043d\u0437\u043e- \u0438 \u043a\u0435\u0440\u043e\u0441\u0438\u043d\u043e- \u0440\u0435\u0437\u0430\u043d\u0438\u0435": 31177.23903184155,
                                   "\u041d\u0430\u043f\u043b\u0430\u0432\u043a\u0430": 30964.96861742637,
                                   "\u0414\u0435\u0439\u0441\u0442\u0432\u0438\u044f \u043f\u0435\u0440\u0435\u0434/\u043f\u043e\u0441\u043b\u0435 \u0441\u0432\u0430\u0440\u043a\u0438, \u0440\u0435\u0437\u043a\u0438": 28471.44426920545,
                                   "\u041c\u0435\u0445\u0430\u043d\u0438\u0437\u0438\u0440\u043e\u0432\u0430\u043d\u043d\u0430\u044f \u0441\u0432\u0430\u0440\u043a\u0430": 28191.483294984173,
                                   "\u041e\u0431\u044f\u0437\u0430\u0442\u0435\u043b\u044c\u043d\u0430\u044f \u0441\u0435\u0440\u0442\u0438\u0444\u0438\u043a\u0430\u0446\u0438\u044f": 27268.035359237612,
                                   "\u0421\u0432\u0430\u0440\u043a\u0430 \u0432 \u0441\u0440\u0435\u0434\u0435 \u0437\u0430\u0449\u0438\u0442\u043d\u043e\u0433\u043e \u0433\u0430\u0437\u0430": 24689.565159884813,
                                   "\u0421\u0432\u0430\u0440\u043a\u0430 \u0432 \u0441\u0440\u0435\u0434\u0435 \u0430\u0440\u0433\u043e\u043d\u0430 (\u0420\u0410\u0414)\u200b": 23335.206812812372,
                                   "\u0417\u043d\u0430\u043d\u0438\u0435  \u0443\u0441\u0442\u0440\u043e\u0439\u0441\u0442\u0432 \u0438 \u043f\u0440\u0430\u0432\u0438\u043b \u044d\u043a\u0441\u043f\u043b\u0443\u0430\u0442\u0430\u0446\u0438\u0438 \u0441\u0432\u0430\u0440\u043e\u0447\u043d\u044b\u0445 \u0430\u043f\u043f\u0430\u0440\u0430\u0442\u043e\u0432, \u043c\u0430\u0448\u0438\u043d": 23032.961686736664,
                                   "\u0421\u0442\u0440\u043e\u0433\u0430\u043d\u0438\u0435": 22210.754402059836,
                                   "\u0414\u0443\u0433\u043e\u0432\u0430\u044f \u0440\u0435\u0437\u043a\u0430": 21809.535182014115,
                                   "\u041f\u0430\u0439\u043a\u0430": 20965.106302315027,
                                   "\u0421\u0442\u0440\u043e\u0436\u043a\u0430": 19633.65395125372,
                                   "\u041f\u0440\u043e\u0441\u0442\u044b\u0435 \u0438 \u0441\u0440\u0435\u0434\u043d\u0435\u0439 \u0441\u043b\u043e\u0436\u043d\u043e\u0441\u0442\u0438 \u0438\u043d\u0441\u0442\u0440\u0443\u043c\u0435\u043d\u0442\u044b (\u0438\u0437\u0433\u043e\u0442\u043e\u0432\u043b\u0435\u043d\u0438\u0435, \u0440\u0435\u0433\u0443\u043b\u0438\u0440\u043e\u0432\u043a\u0430 \u0438 \u0440\u0435\u043c\u043e\u043d\u0442)": 18818.53064566415,
                                   "\u0413\u0430\u0437\u043e\u0432\u0430\u044f \u0440\u0435\u0437\u043a\u0430": 17944.870937687265,
                                   "\u0421\u043e\u0431\u043b\u044e\u0434\u0435\u043d\u0438\u0435 \u043e\u0445\u0440\u0430\u043d\u044b \u0442\u0440\u0443\u0434\u0430, \u0442\u0435\u0445\u043d\u0438\u043a\u0438 \u0431\u0435\u0437\u043e\u043f\u0430\u0441\u043d\u043e\u0441\u0442\u0438 \u0438 \u043f\u043e\u0436\u0430\u0440\u043d\u043e\u0439 \u0431\u0435\u0437\u043e\u043f\u0430\u0441\u043d\u043e\u0441\u0442\u0438": 15935.3828345062,
                                   "\u041e\u0431\u0441\u043b\u0443\u0436\u0438\u0432\u0430\u043d\u0438\u0435 \u0438 \u0440\u0435\u043c\u043e\u043d\u0442 \u0441\u0432\u0430\u0440\u043e\u0447\u043d\u043e\u0433\u043e \u043e\u0431\u043e\u0440\u0443\u0434\u043e\u0432\u0430\u043d\u0438\u044f": 15483.163476059468,
                                   "\u0417\u043d\u0430\u043d\u0438\u0435 \u0434\u043e\u043a\u0443\u043c\u0435\u043d\u0442\u0430\u0446\u0438\u0438, \u043f\u0440\u043e\u0435\u043a\u0442\u043e\u0432, \u0447\u0435\u0440\u0442\u0435\u0436\u0435\u0439, \u0441\u0445\u0435\u043c": 14773.623237429718,
                                   "\u041d\u0430\u0441\u0442\u0440\u043e\u0439\u043a\u0430 \u0441\u0432\u0430\u0440\u043e\u0447\u043d\u043e\u0433\u043e \u043e\u0431\u043e\u0440\u0443\u0434\u043e\u0432\u0430\u043d\u0438\u044f": 13093.130088708313,
                                   "\u0417\u043d\u0430\u043d\u0438\u044f \u043f\u0440\u0435\u0434\u043c\u0435\u0442\u043d\u044b\u0445 \u043e\u0431\u043b\u0430\u0441\u0442\u0435\u0439 \u0434\u043b\u044f \u0441\u0432\u0430\u0440\u0449\u0438\u043a\u0430": 12757.007259027618,
                                   "\u0427\u0442\u0435\u043d\u0438\u0435 \u0447\u0435\u0440\u0442\u0435\u0436\u0435\u0439, \u0434\u043e\u043a\u0443\u043c\u0435\u043d\u0442\u0430\u0446\u0438\u0438": 11344.308148056814,
                                   "\u041e\u0431\u0443\u0447\u0435\u043d\u0438\u0435/\u043f\u0440\u043e\u0444\u043f\u043e\u0434\u0433\u043e\u0442\u043e\u0432\u043a\u0430 \u0432 \u043a\u043e\u043c\u043f\u0430\u043d\u0438\u0438": 9892.186163534956,
                                   "\u0420\u0443\u0447\u043d\u0430\u044f \u0440\u0435\u0437\u043a\u0430": 7896.6087874868535,
                                   "\u0413\u0430\u0437\u043e\u0432\u0430\u044f \u0441\u0432\u0430\u0440\u043a\u0430": 6233.230183901753,
                                   "\u0422\u0440\u0435\u0431\u043e\u0432\u0430\u043d\u0438\u044f \u043a \u043e\u0431\u0440\u0430\u0437\u043e\u0432\u0430\u043d\u0438\u044e": 5794.043487387935,
                                   "\u041a\u043e\u043d\u0442\u0430\u043a\u0442\u043d\u0430\u044f \u0441\u0432\u0430\u0440\u043a\u0430": 4851.211252269939,
                                   "\u041f\u043b\u0430\u0437\u043c\u0435\u043d\u043d\u0430\u044f \u0440\u0435\u0437\u043a\u0430": 4285.106294748613,
                                   "\u0418\u0437\u0433\u043e\u0442\u043e\u0432\u043b\u0435\u043d\u0438\u0435, \u0440\u0435\u0433\u0443\u043b\u0438\u0440\u043e\u0432\u043a\u0430 \u0438 \u0440\u0435\u0433\u0443\u043b\u0438\u0440\u043e\u0432\u043a\u0430 (\u043f\u0440\u043e\u0441\u0442\u044b\u0435 \u0443\u0437\u043b\u044b \u0438 \u0441\u0440\u0435\u0434\u043d\u0435\u0439 \u0441\u043b\u043e\u0436\u043d\u043e\u0441\u0442\u0438 \u043c\u0435\u0445\u0430\u043d\u0438\u0437\u043c\u044b)": 2252.162905426965,
                                   "\u0417\u043d\u0430\u043d\u0438\u0435 \u043f\u0440\u0430\u0432\u0438\u043b \u0431\u0435\u0437\u043e\u043f\u0430\u0441\u043d\u043e\u0441\u0442\u0438": 1685.2398589653458,
                                   "\u041f\u043b\u0430\u0437\u043c\u0435\u043d\u043d\u0430\u044f \u0441\u0432\u0430\u0440\u043a\u0430": 742.7551052338895,
                                   "\u0417\u043d\u0430\u043d\u0438\u0435 \u0442\u0435\u0445\u043d\u0438\u043a, \u0442\u0435\u0445\u043d\u043e\u043b\u043e\u0433\u0438\u0438 \u0441\u0432\u0430\u0440\u043a\u0438, \u043d\u0430\u043f\u043b\u0430\u0432\u043a\u0438": 541.8136392946326,
                                   "\u0420\u0435\u0437\u043a\u0430": 341.18723929591215
}