{
                                 "is_parttime": 22729.06841933115,
                                 "\u0417\u043d\u0430\u043d\u0438\u044f \u0432 \u043e\u0431\u043b\u0430\u0441\u0442\u0438 \u043e\u0446\u0435\u043d\u043a\u0438 \u0438 \u0430\u0442\u0442\u0435\u0441\u0442\u0430\u0446\u0438\u0438 \u043f\u0435\u0440\u0441\u043e\u043d\u0430\u043b\u0430 (\u0421\u0423\u041f)": 12189.078922938905,
                                 "\u0412\u0435\u0434\u0435\u043d\u0438\u0435 \u043c\u0435\u0434\u0438\u0446\u0438\u043d\u0441\u043a\u043e\u0439 \u0434\u043e\u043a\u0443\u043c\u0435\u043d\u0442\u0430\u0446\u0438\u0438": 10592.659611932671,
                                 "\u0417\u043d\u0430\u043d\u0438\u044f \u0432 \u043e\u0431\u043b\u0430\u0441\u0442\u0438 \u043f\u043e\u0438\u0441\u043a\u0430 \u0438 \u043f\u043e\u0434\u0431\u043e\u0440\u0430 \u043f\u0435\u0440\u0441\u043e\u043d\u0430\u043b\u0430 (\u0421\u0423\u041f)": 10157.76563361143,
                                 "\u0420\u0430\u0431\u043e\u0442\u0430 \u0432 1\u0421": 10067.252107092048,
                                 "\u0422\u0440\u0435\u0431\u043e\u0432\u0430\u043d\u0438\u044f \u043a \u043e\u0431\u0440\u0430\u0437\u043e\u0432\u0430\u043d\u0438\u044e": 9961.464500852155,
                                 "\u041a\u043e\u043c\u043f\u044c\u044e\u0442\u0435\u0440\u043d\u044b\u0435 \u043f\u0440\u043e\u0433\u0440\u0430\u043c\u043c\u044b \u0434\u043b\u044f \u0432\u0435\u0434\u0435\u043d\u0438\u044f \u0431\u0443\u0445\u0433\u0430\u043b\u0442\u0435\u0440\u0441\u043a\u043e\u0433\u043e \u0443\u0447\u0435\u0442\u0430": 9959.398334268546,
                                 "\u041e\u0444\u043e\u0440\u043c\u043b\u0435\u043d\u0438\u0435 \u0443\u0447\u0435\u0442\u043d\u043e-\u043e\u0442\u0447\u0435\u0442\u043d\u043e\u0439 \u0434\u043e\u043a\u0443\u043c\u0435\u043d\u0442\u0430\u0446\u0438\u0438": 9922.274944366509,
                                 "\u0417\u0430\u0440\u043f\u043b\u0430\u0442\u0430 \u0438 \u0434\u0440\u0443\u0433\u0438\u0435 \u0432\u044b\u043f\u043b\u0430\u0442\u044b, \u043e\u0444\u0438\u0446\u0438\u0430\u043b\u044c\u043d\u043e\u0435 \u0442\u0440\u0443\u0434\u043e\u0443\u0441\u0442\u0440\u043e\u0439\u0441\u0442\u0432\u043e": 9864.45305164266,
                                 "\u041e\u0431\u0443\u0447\u0435\u043d\u0438\u0435/\u043f\u0440\u043e\u0444\u043f\u043e\u0434\u0433\u043e\u0442\u043e\u0432\u043a\u0430 \u0432 \u043a\u043e\u043c\u043f\u0430\u043d\u0438\u0438": 9851.92964845922,
                                 "\u041f\u043e\u0438\u0441\u043a \u0438 \u043f\u043e\u0434\u0431\u043e\u0440 \u043f\u0435\u0440\u0441\u043e\u043d\u0430\u043b\u0430 (\u0421\u0423\u041f)": 9822.564109836603,
                                 "\u0413\u0440\u0430\u0444\u0438\u043a \u0440\u0430\u0431\u043e\u0442\u044b": 9762.855795107309,
                                 "\u041e\u0446\u0435\u043d\u043a\u0430 \u0438 \u0430\u0442\u0442\u0435\u0441\u0442\u0430\u0446\u0438\u044f \u043f\u0435\u0440\u0441\u043e\u043d\u0430\u043b\u0430 (\u0421\u0423\u041f)": 9742.176093726273,
                                 "\u041a\u0430\u0440\u044c\u0435\u0440\u0430": 9739.68554048871,
                                 "\u041e\u043f\u044b\u0442 \u0440\u0430\u0431\u043e\u0442\u044b": 9737.044802174933,
                                 "\u0420\u0443\u0441\u0441\u043a\u0438\u0439 \u044f\u0437\u044b\u043a": 9707.276406395991,
                                 "\u0414\u043e\u043f\u043e\u043b\u043d\u0438\u0442\u0435\u043b\u044c\u043d\u044b\u0435 \u043b\u044c\u0433\u043e\u0442\u044b": 9706.903291160415,
                                 "v3_region_index": 9693.572177871967,
                                 "\u0422\u0440\u0435\u0431\u043e\u0432\u0430\u043d\u0438\u0435 \u043a \u043e\u043f\u044b\u0442\u0443 \u0440\u0430\u0431\u043e\u0442\u044b \u0438 \u043e\u0431\u0440\u0430\u0437\u043e\u0432\u0430\u043d\u0438\u044e (\u0421\u0423\u041f)": 9668.465205166547,
                                 "\u0417\u043d\u0430\u043d\u0438\u044f \u043f\u0440\u0435\u0434\u043c\u0435\u0442\u043d\u044b\u0445 \u043e\u0431\u043b\u0430\u0441\u0442\u0435\u0439 \u0434\u043b\u044f \u0441\u0432\u0430\u0440\u0449\u0438\u043a\u0430": 9637.122105395625,
                                 "\u041e\u0440\u0433\u0430\u043d\u0438\u0437\u0430\u0446\u0438\u044f \u0438 \u043e\u043f\u043b\u0430\u0442\u0430 \u0442\u0440\u0443\u0434\u0430 \u043f\u0435\u0440\u0441\u043e\u043d\u0430\u043b\u0430 \u0421\u0423\u041f)": 9591.924440933843,
                                 "\u0420\u0430\u0437\u0432\u0438\u0442\u0438\u0435 \u043f\u0435\u0440\u0441\u043e\u043d\u0430\u043b\u0430 (\u0421\u0423\u041f)": 9540.95578596709,
                                 "\u041d\u0435 \u0441\u043e\u043e\u0442\u0432\u0435\u0442\u0441\u0442\u0432\u0443\u0435\u0442 \u0421\u0423\u041f": 9539.426534187376,
                                 "\u041a\u0430\u0434\u0440\u043e\u0432\u043e\u0435 \u0434\u0435\u043b\u043e\u043f\u0440\u043e\u0438\u0437\u0432\u043e\u0434\u0441\u0442\u0432\u043e (\u0421\u0423\u041f)": 9496.496194785352,
                                 "\u041f\u043e\u043b\u044c\u0437\u043e\u0432\u0430\u0442\u044c\u0441\u044f \u043a\u043e\u043c\u043f\u044c\u044e\u0442\u0435\u0440\u043d\u044b\u043c\u0438 \u0438 \u0442\u0435\u043b\u0435\u043a\u043e\u043c\u043c\u0443\u043d\u0438\u043a\u0430\u0446\u0438\u043e\u043d\u043d\u044b\u043c\u0438 \u0441\u0440\u0435\u0434\u0441\u0442\u0432\u0430\u043c\u0438 \u0432 \u043f\u0440\u043e\u0444\u0435\u0441\u0441\u0438\u043e\u043d\u0430\u043b\u044c\u043d\u043e\u0439 \u0434\u0435\u044f\u0442\u0435\u043b\u044c\u043d\u043e\u0441\u0442\u0438": 9484.66550798466,
                                 "\u0410\u0434\u043c\u0438\u043d\u0438\u0441\u0442\u0440\u0430\u0442\u0438\u0432\u043d\u044b\u0435 \u0444\u0443\u043d\u043a\u0446\u0438\u0438": 9441.858491557898,
                                 "\u0410\u043d\u0433\u043b\u0438\u0439\u0441\u043a\u0438\u0439 \u044f\u0437\u044b\u043a": 9381.31808428905,
                                 "\u0423\u0441\u043b\u043e\u0432\u0438\u044f \u0440\u0430\u0431\u043e\u0442\u044b/\u043f\u0440\u043e\u0436\u0438\u0432\u0430\u043d\u0438\u044f/\u043e\u0442\u0434\u044b\u0445\u0430": 9380.827373213033,
                                 "\u041b\u0438\u0447\u043d\u044b\u0435 \u0443\u0441\u0442\u0430\u043d\u043e\u0432\u043a\u0438 \u0438 \u0446\u0435\u043d\u043d\u043e\u0441\u0442\u0438, \u043c\u0438\u0440\u043e\u0432\u043e\u0437\u0437\u0440\u0435\u043d\u0438\u0435": 9309.829078157665,
                                 "\u041e\u0431\u0435\u0441\u043f\u0435\u0447\u0435\u043d\u0438\u0435 \u043a\u043e\u0440\u043f\u043e\u0440\u0430\u0442\u0438\u0432\u043d\u043e\u0439 \u0438 \u0441\u043e\u0446\u0438\u0430\u043b\u044c\u043d\u043e\u0439 \u043f\u043e\u043b\u0438\u0442\u0438\u043a\u0438 (\u0421\u0423\u041f)": 9260.290509270963,
                                 "\u0421\u043f\u0435\u0446\u0438\u0430\u043b\u044c\u043d\u043e\u0435 \u041f\u041e": 9184.277315998908,
                                 "\u041e\u043f\u044b\u0442 \u0440\u0430\u0431\u043e\u0442\u044b \u043d\u0435 \u043e\u0431\u044f\u0437\u0430\u0442\u0435\u043b\u0435\u043d": 7868.764912344886,
                                 "is_distance": 6404.866472380942
}