{
                          "\u0417\u043d\u0430\u043d\u0438\u0435  \u0443\u0441\u0442\u0440\u043e\u0439\u0441\u0442\u0432 \u0438 \u043f\u0440\u0430\u0432\u0438\u043b \u044d\u043a\u0441\u043f\u043b\u0443\u0430\u0442\u0430\u0446\u0438\u0438 \u0441\u0432\u0430\u0440\u043e\u0447\u043d\u044b\u0445 \u0430\u043f\u043f\u0430\u0440\u0430\u0442\u043e\u0432, \u043c\u0430\u0448\u0438\u043d": 25853.59581214674,
                          "\u0421\u0442\u0440\u043e\u0436\u043a\u0430": 23802.910770739967,
                          "\u0427\u0442\u0435\u043d\u0438\u0435 \u0447\u0435\u0440\u0442\u0435\u0436\u0435\u0439, \u0434\u043e\u043a\u0443\u043c\u0435\u043d\u0442\u0430\u0446\u0438\u0438": 15852.695358478479,
                          "\u0421\u043e\u0431\u043b\u044e\u0434\u0435\u043d\u0438\u0435 \u043e\u0445\u0440\u0430\u043d\u044b \u0442\u0440\u0443\u0434\u0430, \u0442\u0435\u0445\u043d\u0438\u043a\u0438 \u0431\u0435\u0437\u043e\u043f\u0430\u0441\u043d\u043e\u0441\u0442\u0438 \u0438 \u043f\u043e\u0436\u0430\u0440\u043d\u043e\u0439 \u0431\u0435\u0437\u043e\u043f\u0430\u0441\u043d\u043e\u0441\u0442\u0438": 14267.399829339134,
                          "\u041d\u0430\u043f\u043b\u0430\u0432\u043a\u0430": 12628.16280300013,
                          "\u0421\u0442\u0440\u043e\u0433\u0430\u043d\u0438\u0435": 10740.59881781238,
                          "\u0421\u0432\u0430\u0440\u043a\u0430 \u0432 \u0441\u0440\u0435\u0434\u0435 \u0430\u0440\u0433\u043e\u043d\u0430 (\u0420\u0410\u0414)\u200b": 9787.690091181401,
                          "\u0418\u0441\u043f\u043e\u043b\u044c\u0437\u043e\u0432\u0430\u043d\u0438\u0435 \u0440\u0443\u0447\u043d\u043e\u0433\u043e \u0438 \u043c\u0435\u0445\u0430\u043d\u0438\u0437\u0438\u0440\u043e\u0432\u0430\u043d\u043d\u043e\u0433\u043e \u0438\u043d\u0441\u0442\u0440\u0443\u043c\u0435\u043d\u0442\u0430": 8359.400072833276,
                          "\u0417\u043d\u0430\u043d\u0438\u0435 \u0442\u0435\u0445\u043d\u0438\u043a, \u0442\u0435\u0445\u043d\u043e\u043b\u043e\u0433\u0438\u0438 \u0441\u0432\u0430\u0440\u043a\u0438, \u043d\u0430\u043f\u043b\u0430\u0432\u043a\u0438": 8347.439437800116,
                          "\u0421\u0432\u0430\u0440\u043a\u0430 \u0431\u0435\u0437 \u043a\u043e\u043d\u043a\u0440\u0435\u0442\u0438\u0437\u0430\u0446\u0438\u0438 \u0432\u0438\u0434\u0430/\u043e\u0431\u043e\u0440\u0443\u0434\u043e\u0432\u0430\u043d\u0438\u044f": 7367.396917648861,
                          "\u041f\u043b\u0430\u0437\u043c\u0435\u043d\u043d\u0430\u044f \u0441\u0432\u0430\u0440\u043a\u0430": 5953.114297721419,
                          "\u0420\u0443\u0447\u043d\u0430\u044f \u0441\u0432\u0430\u0440\u043a\u0430": 5401.581098344643,
                          "\u0414\u0443\u0433\u043e\u0432\u0430\u044f \u0440\u0435\u0437\u043a\u0430": 5327.864295413208,
                          "\u0421\u0432\u0430\u0440\u043a\u0430 \u043d\u0430\u0433\u0440\u0435\u0442\u044b\u043c \u0438\u043d\u0441\u0442\u0440\u0443\u043c\u0435\u043d\u0442\u043e\u043c": 4870.763032799994,
                          "\u0413\u0430\u0437\u043e\u0432\u0430\u044f \u0440\u0435\u0437\u043a\u0430": 4775.797375026552,
                          "\u0411\u0435\u043d\u0437\u043e- \u0438 \u043a\u0435\u0440\u043e\u0441\u0438\u043d\u043e- \u0440\u0435\u0437\u0430\u043d\u0438\u0435": 4745.266105992821,
                          "\u0421\u0432\u0430\u0440\u043a\u0430 \u0438 \u0440\u0435\u0437\u043a\u0430 \u043f\u043e\u0434 \u0432\u043e\u0434\u043e\u0439": 4661.830371917502,
                          "\u0421\u0432\u0430\u0440\u043a\u0430 \u0432 \u0441\u0440\u0435\u0434\u0435 \u0437\u0430\u0449\u0438\u0442\u043d\u043e\u0433\u043e \u0433\u0430\u0437\u0430": 4044.1246114939713,
                          "\u0414\u0443\u0433\u043e\u0432\u0430\u044f \u0441\u0432\u0430\u0440\u043a\u0430": 3315.259164821662,
                          "\u0421\u0432\u0430\u0440\u043a\u0430 \u0442\u0440\u0435\u043d\u0438\u0435\u043c": 3010.2692774014868,
                          "\u0421\u0432\u0430\u0440\u043a\u0430 \u0442\u0440\u0443\u0431\u043e\u043f\u0440\u043e\u0432\u043e\u0434\u043e\u0432": 2996.577944667064,
                          "\u0417\u043d\u0430\u043d\u0438\u044f \u043f\u0440\u0435\u0434\u043c\u0435\u0442\u043d\u044b\u0445 \u043e\u0431\u043b\u0430\u0441\u0442\u0435\u0439 \u043f\u043e \u0441\u0432\u0430\u0440\u043a\u0435": 929.6287165370159,
                          "\u041d\u0430\u0441\u0442\u0440\u043e\u0439\u043a\u0430 \u0441\u0432\u0430\u0440\u043e\u0447\u043d\u043e\u0433\u043e \u043e\u0431\u043e\u0440\u0443\u0434\u043e\u0432\u0430\u043d\u0438\u044f": 879.278524340567,
                          "\u0410\u0432\u0442\u043e\u043c\u0430\u0442\u0438\u0447\u0435\u0441\u043a\u0430\u044f \u0441\u0432\u0430\u0440\u043a\u0430": 684.8170325505635,
                          "\u0413\u0430\u0437\u043e\u0432\u0430\u044f \u0441\u0432\u0430\u0440\u043a\u0430": 437.3208894454583,
                          "v3_region_index": 273.1652316060645
}