{
                          "\u0421\u0432\u0430\u0440\u043a\u0430 \u0438 \u0440\u0435\u0437\u043a\u0430 \u043f\u043e\u0434 \u0432\u043e\u0434\u043e\u0439": 62950.422659355296,
                          "\u0418\u0441\u043f\u043e\u043b\u044c\u0437\u043e\u0432\u0430\u043d\u0438\u0435 \u0440\u0443\u0447\u043d\u043e\u0433\u043e \u0438 \u043c\u0435\u0445\u0430\u043d\u0438\u0437\u0438\u0440\u043e\u0432\u0430\u043d\u043d\u043e\u0433\u043e \u0438\u043d\u0441\u0442\u0440\u0443\u043c\u0435\u043d\u0442\u0430": 38899.6695094221,
                          "\u0421\u0432\u0430\u0440\u043a\u0430 \u0442\u0440\u0435\u043d\u0438\u0435\u043c": 38631.600838600025,
                          "\u0421\u0432\u0430\u0440\u043a\u0430 \u0442\u0440\u0443\u0431\u043e\u043f\u0440\u043e\u0432\u043e\u0434\u043e\u0432": 35899.62444905863,
                          "\u0411\u0435\u043d\u0437\u043e- \u0438 \u043a\u0435\u0440\u043e\u0441\u0438\u043d\u043e- \u0440\u0435\u0437\u0430\u043d\u0438\u0435": 35189.53182886178,
                          "\u0421\u0442\u0440\u043e\u0433\u0430\u043d\u0438\u0435": 20247.895135667313,
                          "\u0410\u0432\u0442\u043e\u043c\u0430\u0442\u0438\u0447\u0435\u0441\u043a\u0430\u044f \u0441\u0432\u0430\u0440\u043a\u0430": 17349.961282306052,
                          "\u0413\u0430\u0437\u043e\u0432\u0430\u044f \u0440\u0435\u0437\u043a\u0430": 16834.14437792924,
                          "v3_region_index": 14457.86286726276,
                          "\u0421\u0432\u0430\u0440\u043a\u0430 \u0432 \u0441\u0440\u0435\u0434\u0435 \u0430\u0440\u0433\u043e\u043d\u0430 (\u0420\u0410\u0414)\u200b": 14067.676233754544,
                          "\u0420\u0443\u0447\u043d\u0430\u044f \u0441\u0432\u0430\u0440\u043a\u0430": 12638.174200316986,
                          "\u0421\u0432\u0430\u0440\u043a\u0430 \u0431\u0435\u0437 \u043a\u043e\u043d\u043a\u0440\u0435\u0442\u0438\u0437\u0430\u0446\u0438\u0438 \u0432\u0438\u0434\u0430/\u043e\u0431\u043e\u0440\u0443\u0434\u043e\u0432\u0430\u043d\u0438\u044f": 12447.928732593013,
                          "\u0421\u0432\u0430\u0440\u043a\u0430 \u0432 \u0441\u0440\u0435\u0434\u0435 \u0437\u0430\u0449\u0438\u0442\u043d\u043e\u0433\u043e \u0433\u0430\u0437\u0430": 12408.511647215368,
                          "\u0427\u0442\u0435\u043d\u0438\u0435 \u0447\u0435\u0440\u0442\u0435\u0436\u0435\u0439, \u0434\u043e\u043a\u0443\u043c\u0435\u043d\u0442\u0430\u0446\u0438\u0438": 11831.786663220038,
                          "\u041f\u043b\u0430\u0437\u043c\u0435\u043d\u043d\u0430\u044f \u0441\u0432\u0430\u0440\u043a\u0430": 11598.989730458787,
                          "\u0414\u0443\u0433\u043e\u0432\u0430\u044f \u0440\u0435\u0437\u043a\u0430": 10422.098763144764,
                          "\u0414\u0443\u0433\u043e\u0432\u0430\u044f \u0441\u0432\u0430\u0440\u043a\u0430": 10269.729398695847,
                          "\u0421\u0442\u0440\u043e\u0436\u043a\u0430": 10187.644703473248,
                          "\u0417\u043d\u0430\u043d\u0438\u044f \u043f\u0440\u0435\u0434\u043c\u0435\u0442\u043d\u044b\u0445 \u043e\u0431\u043b\u0430\u0441\u0442\u0435\u0439 \u043f\u043e \u0441\u0432\u0430\u0440\u043a\u0435": 8544.54823793994,
                          "\u0413\u0430\u0437\u043e\u0432\u0430\u044f \u0441\u0432\u0430\u0440\u043a\u0430": 5246.11324053842,
                          "\u0417\u043d\u0430\u043d\u0438\u0435 \u0442\u0435\u0445\u043d\u0438\u043a, \u0442\u0435\u0445\u043d\u043e\u043b\u043e\u0433\u0438\u0438 \u0441\u0432\u0430\u0440\u043a\u0438, \u043d\u0430\u043f\u043b\u0430\u0432\u043a\u0438": 5159.846863674735,
                          "\u0421\u0432\u0430\u0440\u043a\u0430 \u043d\u0430\u0433\u0440\u0435\u0442\u044b\u043c \u0438\u043d\u0441\u0442\u0440\u0443\u043c\u0435\u043d\u0442\u043e\u043c": 4318.789382068884,
                          "\u041d\u0430\u0441\u0442\u0440\u043e\u0439\u043a\u0430 \u0441\u0432\u0430\u0440\u043e\u0447\u043d\u043e\u0433\u043e \u043e\u0431\u043e\u0440\u0443\u0434\u043e\u0432\u0430\u043d\u0438\u044f": 2965.0380541509585,
                          "\u0417\u043d\u0430\u043d\u0438\u0435  \u0443\u0441\u0442\u0440\u043e\u0439\u0441\u0442\u0432 \u0438 \u043f\u0440\u0430\u0432\u0438\u043b \u044d\u043a\u0441\u043f\u043b\u0443\u0430\u0442\u0430\u0446\u0438\u0438 \u0441\u0432\u0430\u0440\u043e\u0447\u043d\u044b\u0445 \u0430\u043f\u043f\u0430\u0440\u0430\u0442\u043e\u0432, \u043c\u0430\u0448\u0438\u043d": 1121.4397834735792,
                          "\u041d\u0430\u043f\u043b\u0430\u0432\u043a\u0430": 737.9465426755851,
                          "\u0421\u043e\u0431\u043b\u044e\u0434\u0435\u043d\u0438\u0435 \u043e\u0445\u0440\u0430\u043d\u044b \u0442\u0440\u0443\u0434\u0430, \u0442\u0435\u0445\u043d\u0438\u043a\u0438 \u0431\u0435\u0437\u043e\u043f\u0430\u0441\u043d\u043e\u0441\u0442\u0438 \u0438 \u043f\u043e\u0436\u0430\u0440\u043d\u043e\u0439 \u0431\u0435\u0437\u043e\u043f\u0430\u0441\u043d\u043e\u0441\u0442\u0438": 273.9888181108181
}