{
                          "\u0417\u043d\u0430\u043d\u0438\u044f \u043f\u0440\u0435\u0434\u043c\u0435\u0442\u043d\u044b\u0445 \u043e\u0431\u043b\u0430\u0441\u0442\u0435\u0439 \u043f\u043e \u0441\u0432\u0430\u0440\u043a\u0435": 49887.66001775072,
                          "\u041d\u0430\u043f\u043b\u0430\u0432\u043a\u0430": 30895.3639487693,
                          "\u0421\u0432\u0430\u0440\u043a\u0430 \u0438 \u0440\u0435\u0437\u043a\u0430 \u043f\u043e\u0434 \u0432\u043e\u0434\u043e\u0439": 29996.191764123243,
                          "\u0421\u0442\u0440\u043e\u0436\u043a\u0430": 29482.529641183122,
                          "\u0417\u043d\u0430\u043d\u0438\u0435  \u0443\u0441\u0442\u0440\u043e\u0439\u0441\u0442\u0432 \u0438 \u043f\u0440\u0430\u0432\u0438\u043b \u044d\u043a\u0441\u043f\u043b\u0443\u0430\u0442\u0430\u0446\u0438\u0438 \u0441\u0432\u0430\u0440\u043e\u0447\u043d\u044b\u0445 \u0430\u043f\u043f\u0430\u0440\u0430\u0442\u043e\u0432, \u043c\u0430\u0448\u0438\u043d": 28170.213286175218,
                          "\u0427\u0442\u0435\u043d\u0438\u0435 \u0447\u0435\u0440\u0442\u0435\u0436\u0435\u0439, \u0434\u043e\u043a\u0443\u043c\u0435\u043d\u0442\u0430\u0446\u0438\u0438": 21083.977768417157,
                          "\u0421\u043e\u0431\u043b\u044e\u0434\u0435\u043d\u0438\u0435 \u043e\u0445\u0440\u0430\u043d\u044b \u0442\u0440\u0443\u0434\u0430, \u0442\u0435\u0445\u043d\u0438\u043a\u0438 \u0431\u0435\u0437\u043e\u043f\u0430\u0441\u043d\u043e\u0441\u0442\u0438 \u0438 \u043f\u043e\u0436\u0430\u0440\u043d\u043e\u0439 \u0431\u0435\u0437\u043e\u043f\u0430\u0441\u043d\u043e\u0441\u0442\u0438": 20882.622423295732,
                          "\u0414\u0443\u0433\u043e\u0432\u0430\u044f \u0440\u0435\u0437\u043a\u0430": 19796.039527034314,
                          "\u0421\u0432\u0430\u0440\u043a\u0430 \u0442\u0440\u0435\u043d\u0438\u0435\u043c": 18273.208688470535,
                          "\u0418\u0441\u043f\u043e\u043b\u044c\u0437\u043e\u0432\u0430\u043d\u0438\u0435 \u0440\u0443\u0447\u043d\u043e\u0433\u043e \u0438 \u043c\u0435\u0445\u0430\u043d\u0438\u0437\u0438\u0440\u043e\u0432\u0430\u043d\u043d\u043e\u0433\u043e \u0438\u043d\u0441\u0442\u0440\u0443\u043c\u0435\u043d\u0442\u0430": 13471.409294563447,
                          "\u041d\u0430\u0441\u0442\u0440\u043e\u0439\u043a\u0430 \u0441\u0432\u0430\u0440\u043e\u0447\u043d\u043e\u0433\u043e \u043e\u0431\u043e\u0440\u0443\u0434\u043e\u0432\u0430\u043d\u0438\u044f": 13075.86000784341,
                          "\u0414\u0443\u0433\u043e\u0432\u0430\u044f \u0441\u0432\u0430\u0440\u043a\u0430": 12441.134549548442,
                          "\u0421\u0432\u0430\u0440\u043a\u0430 \u0432 \u0441\u0440\u0435\u0434\u0435 \u0437\u0430\u0449\u0438\u0442\u043d\u043e\u0433\u043e \u0433\u0430\u0437\u0430": 9494.967187432529,
                          "\u0421\u0432\u0430\u0440\u043a\u0430 \u043d\u0430\u0433\u0440\u0435\u0442\u044b\u043c \u0438\u043d\u0441\u0442\u0440\u0443\u043c\u0435\u043d\u0442\u043e\u043c": 9068.406236568815,
                          "\u0421\u0442\u0440\u043e\u0433\u0430\u043d\u0438\u0435": 8303.929436686187,
                          "\u0410\u0432\u0442\u043e\u043c\u0430\u0442\u0438\u0447\u0435\u0441\u043a\u0430\u044f \u0441\u0432\u0430\u0440\u043a\u0430": 7569.191225594594,
                          "\u0413\u0430\u0437\u043e\u0432\u0430\u044f \u0440\u0435\u0437\u043a\u0430": 6694.206233514429,
                          "\u0420\u0443\u0447\u043d\u0430\u044f \u0441\u0432\u0430\u0440\u043a\u0430": 5116.371122239201,
                          "\u041f\u043b\u0430\u0437\u043c\u0435\u043d\u043d\u0430\u044f \u0441\u0432\u0430\u0440\u043a\u0430": 4109.026744624658,
                          "v3_region_index": 2640.086319804963,
                          "\u0421\u0432\u0430\u0440\u043a\u0430 \u0432 \u0441\u0440\u0435\u0434\u0435 \u0430\u0440\u0433\u043e\u043d\u0430 (\u0420\u0410\u0414)\u200b": 2233.6273744473438,
                          "\u0421\u0432\u0430\u0440\u043a\u0430 \u0442\u0440\u0443\u0431\u043e\u043f\u0440\u043e\u0432\u043e\u0434\u043e\u0432": 2054.918442869981,
                          "\u0413\u0430\u0437\u043e\u0432\u0430\u044f \u0441\u0432\u0430\u0440\u043a\u0430": 1633.6753364606266,
                          "\u0411\u0435\u043d\u0437\u043e- \u0438 \u043a\u0435\u0440\u043e\u0441\u0438\u043d\u043e- \u0440\u0435\u0437\u0430\u043d\u0438\u0435": 1440.2932886564813,
                          "\u0417\u043d\u0430\u043d\u0438\u0435 \u0442\u0435\u0445\u043d\u0438\u043a, \u0442\u0435\u0445\u043d\u043e\u043b\u043e\u0433\u0438\u0438 \u0441\u0432\u0430\u0440\u043a\u0438, \u043d\u0430\u043f\u043b\u0430\u0432\u043a\u0438": 1066.8179782689404,
                          "\u0421\u0432\u0430\u0440\u043a\u0430 \u0431\u0435\u0437 \u043a\u043e\u043d\u043a\u0440\u0435\u0442\u0438\u0437\u0430\u0446\u0438\u0438 \u0432\u0438\u0434\u0430/\u043e\u0431\u043e\u0440\u0443\u0434\u043e\u0432\u0430\u043d\u0438\u044f": 98.09077408112353
}