{
                          "\u0414\u0443\u0433\u043e\u0432\u0430\u044f \u0440\u0435\u0437\u043a\u0430": 9980.410955350118,
                          "\u0417\u043d\u0430\u043d\u0438\u044f \u043f\u0440\u0435\u0434\u043c\u0435\u0442\u043d\u044b\u0445 \u043e\u0431\u043b\u0430\u0441\u0442\u0435\u0439 \u043f\u043e \u0441\u0432\u0430\u0440\u043a\u0435": 9783.704196304003,
                          "\u0417\u043d\u0430\u043d\u0438\u0435  \u0443\u0441\u0442\u0440\u043e\u0439\u0441\u0442\u0432 \u0438 \u043f\u0440\u0430\u0432\u0438\u043b \u044d\u043a\u0441\u043f\u043b\u0443\u0430\u0442\u0430\u0446\u0438\u0438 \u0441\u0432\u0430\u0440\u043e\u0447\u043d\u044b\u0445 \u0430\u043f\u043f\u0430\u0440\u0430\u0442\u043e\u0432, \u043c\u0430\u0448\u0438\u043d": 8583.72889336972,
                          "\u0413\u0430\u0437\u043e\u0432\u0430\u044f \u0440\u0435\u0437\u043a\u0430": 5873.4533481082835,
                          "\u041d\u0430\u043f\u043b\u0430\u0432\u043a\u0430": 5845.735450470835,
                          "\u041f\u043b\u0430\u0437\u043c\u0435\u043d\u043d\u0430\u044f \u0441\u0432\u0430\u0440\u043a\u0430": 5078.715540435995,
                          "\u0427\u0442\u0435\u043d\u0438\u0435 \u0447\u0435\u0440\u0442\u0435\u0436\u0435\u0439, \u0434\u043e\u043a\u0443\u043c\u0435\u043d\u0442\u0430\u0446\u0438\u0438": 4826.763689223735,
                          "\u0421\u0432\u0430\u0440\u043a\u0430 \u0438 \u0440\u0435\u0437\u043a\u0430 \u043f\u043e\u0434 \u0432\u043e\u0434\u043e\u0439": 4819.708131867628,
                          "\u0421\u0442\u0440\u043e\u0436\u043a\u0430": 4494.57563476661,
                          "\u0420\u0443\u0447\u043d\u0430\u044f \u0441\u0432\u0430\u0440\u043a\u0430": 4192.34242389549,
                          "\u0421\u043e\u0431\u043b\u044e\u0434\u0435\u043d\u0438\u0435 \u043e\u0445\u0440\u0430\u043d\u044b \u0442\u0440\u0443\u0434\u0430, \u0442\u0435\u0445\u043d\u0438\u043a\u0438 \u0431\u0435\u0437\u043e\u043f\u0430\u0441\u043d\u043e\u0441\u0442\u0438 \u0438 \u043f\u043e\u0436\u0430\u0440\u043d\u043e\u0439 \u0431\u0435\u0437\u043e\u043f\u0430\u0441\u043d\u043e\u0441\u0442\u0438": 4168.904640877168,
                          "\u041d\u0430\u0441\u0442\u0440\u043e\u0439\u043a\u0430 \u0441\u0432\u0430\u0440\u043e\u0447\u043d\u043e\u0433\u043e \u043e\u0431\u043e\u0440\u0443\u0434\u043e\u0432\u0430\u043d\u0438\u044f": 4158.720696214004,
                          "\u0421\u0432\u0430\u0440\u043a\u0430 \u0431\u0435\u0437 \u043a\u043e\u043d\u043a\u0440\u0435\u0442\u0438\u0437\u0430\u0446\u0438\u0438 \u0432\u0438\u0434\u0430/\u043e\u0431\u043e\u0440\u0443\u0434\u043e\u0432\u0430\u043d\u0438\u044f": 3507.7810401748357,
                          "\u0421\u0442\u0440\u043e\u0433\u0430\u043d\u0438\u0435": 3480.171260405499,
                          "\u0417\u043d\u0430\u043d\u0438\u0435 \u0442\u0435\u0445\u043d\u0438\u043a, \u0442\u0435\u0445\u043d\u043e\u043b\u043e\u0433\u0438\u0438 \u0441\u0432\u0430\u0440\u043a\u0438, \u043d\u0430\u043f\u043b\u0430\u0432\u043a\u0438": 3201.2186630175856,
                          "\u0421\u0432\u0430\u0440\u043a\u0430 \u0432 \u0441\u0440\u0435\u0434\u0435 \u0430\u0440\u0433\u043e\u043d\u0430 (\u0420\u0410\u0414)\u200b": 2838.0188349889067,
                          "v3_region_index": 2673.7668294438263,
                          "\u0421\u0432\u0430\u0440\u043a\u0430 \u0432 \u0441\u0440\u0435\u0434\u0435 \u0437\u0430\u0449\u0438\u0442\u043d\u043e\u0433\u043e \u0433\u0430\u0437\u0430": 2616.9631821282746,
                          "\u0413\u0430\u0437\u043e\u0432\u0430\u044f \u0441\u0432\u0430\u0440\u043a\u0430": 2574.478560065756,
                          "\u0418\u0441\u043f\u043e\u043b\u044c\u0437\u043e\u0432\u0430\u043d\u0438\u0435 \u0440\u0443\u0447\u043d\u043e\u0433\u043e \u0438 \u043c\u0435\u0445\u0430\u043d\u0438\u0437\u0438\u0440\u043e\u0432\u0430\u043d\u043d\u043e\u0433\u043e \u0438\u043d\u0441\u0442\u0440\u0443\u043c\u0435\u043d\u0442\u0430": 2557.4748708093903,
                          "\u0410\u0432\u0442\u043e\u043c\u0430\u0442\u0438\u0447\u0435\u0441\u043a\u0430\u044f \u0441\u0432\u0430\u0440\u043a\u0430": 2505.979584435663,
                          "\u0421\u0432\u0430\u0440\u043a\u0430 \u0442\u0440\u0443\u0431\u043e\u043f\u0440\u043e\u0432\u043e\u0434\u043e\u0432": 2039.7047938319229,
                          "\u0414\u0443\u0433\u043e\u0432\u0430\u044f \u0441\u0432\u0430\u0440\u043a\u0430": 1670.5359280351695,
                          "\u0411\u0435\u043d\u0437\u043e- \u0438 \u043a\u0435\u0440\u043e\u0441\u0438\u043d\u043e- \u0440\u0435\u0437\u0430\u043d\u0438\u0435": 1023.3507648116502,
                          "\u0421\u0432\u0430\u0440\u043a\u0430 \u043d\u0430\u0433\u0440\u0435\u0442\u044b\u043c \u0438\u043d\u0441\u0442\u0440\u0443\u043c\u0435\u043d\u0442\u043e\u043c": 1008.7400470621869,
                          "\u0421\u0432\u0430\u0440\u043a\u0430 \u0442\u0440\u0435\u043d\u0438\u0435\u043c": 73.62972233176697
}